movie_slug,review,stars,sentiment
barbie,made me question everything.,4.0,neutral
barbie,Pas mon style mais la moralitÃ© est bonne,2.5,neutral
barbie,"Bonne morale, bon dialogue mais lâ€™acting bof",2.0,neutral
barbie,this movie bring me back to 2023.,3.0,neutral
barbie,I had to explain this movie to a lot of men.,4.0,neutral
barbie,"I rewatch it once again, and cried again ğŸ¥¹",5.0,neutral
barbie,Pe release in the cinema. Did not expect to cry,3.5,neutral
barbie,barbie vocÃª sempre serÃ¡ famosa,5.0,neutral
barbie,"Je lâ€™ai pas revu en rÃ©alitÃ©, mais entre temps jâ€™ai eu des dÃ©bats avec les gens ayant aimÃ© cette bouse et leur avis et ce quâ€™ils ont compris du film me fait dire que jâ€™ai Ã©tÃ© trop gÃ©nÃ©reux",1.5,neutral
barbie,"Minha garota interior chorou com esse filme. Ele Ã© muito girly girl, nos ama!!!!",5.0,neutral
barbie,I just ken hate this movie. ğŸ¤—ğŸ¤—,,negative
barbie,IM A BARBIEGIRLAAAAAAINNNNNAAAABARBIEIEWROROODLDLSAAAOOAOAAA,4.5,neutral
barbie,I LOVE THIS OMG,5.0,positive
barbie,America Ferreraâ€™s monologue is timeless.,5.0,neutral
barbie,Lovely message,4.0,positive
barbie,"Heard What was I made for? live, Motherfuckers!",5.0,neutral
barbie,Walked out of Deira CC thanking my whole bloodline and the heaven that I am a woman and is experiencing womanhood myself :â€)),5.0,neutral
barbie,itâ€™s ight,3.0,neutral
barbie,campy but not even worth comparing to barbie in the pink shoes,3.5,neutral
barbie,gosh i hate ken,4.5,negative
barbie,"""Barbie"", masquerading as a self-aware, self-critical film, is just an empty product of radical chic progressivism, peddling window-dressing feminism that challenges nothing.",2.0,neutral
barbie,"CAPITENE IL SIGNIFICATO CAZZMolto piu riuscito di quel che si dice, la gente non capisce nada",5.0,neutral
barbie,"after scouring the internet for reviews of the barbie movie, i came across essentially two different types of reviews: red-pill conservatives criticizing it as ""woke"" liberal propaganda that was precipitously anti-men, and people claiming it was a feminist masterpiece that delivered a powerful message about equality across the world.i find an issue with both of these reviews. the first, obviously is thoughtless rhetoric from men who got their feelings hurt when toxic masculinity was attacked, and instead of processingâ€¦ more",3.0,neutral
barbie,Je mâ€™attendais Ã  un film de con je suis ressortie jâ€™avais envie de manifester les seins Ã  lâ€™air,3.0,neutral
barbie,"secara visual emang manjain mata banget sihhh dan sangat watchable untuk semua kalangan, tapi menurutku kalo dibedah secara storyline ofc ini bukan untuk anak""... but overall this movie was funn",3.5,neutral
barbie,ğŸ’ğŸ˜¹ğŸ˜­,5.0,neutral
barbie,65/100,3.5,neutral
barbie,jâ€™ai dormi,2.0,neutral
barbie,Aguante Ryan Gosling,4.0,neutral
barbie,How did we end up in a reality where Ken gets the recognition and Barbie doesnâ€™t?,3.0,neutral
parasite-2019,"What can you say? It's Parasite. An absolute modern masterpiece, one of the greatest films ever made, and so relevant to our times (and probably all future and most past times as well). Extraordinarily well-crafted, intelligent, sensitive, funny, angry. I'll be very pleasantly surprised if Bong ever turns out anything as good as this again -- not because he's not good, but because this feels like one of those once-in-a-career works by a master who manages to surpass themselves.",5.0,positive
parasite-2019,"entendi a crÃ­tica, mas achei meio chato",3.0,neutral
parasite-2019,I watched this stoned can u imagine how hard it was to concentrate on the subtitles i need to rewatch because it was years ago now and i canâ€™t really remember it all but i remember i did love it,3.5,neutral
parasite-2019,i just wanted a happy ending ğŸ’”ğŸ’”,5.0,positive
parasite-2019,Cinema,5.0,neutral
parasite-2019,chokbar Ã  quel point c'est scÃ©naristiquement bienSong Kang-ho retire ton slip t'es trop fortok ils ont une maison pourrave mais faudra m'expliquer le concept des chiottes en hauteur svp c'est pour que ce soit vrm un trÃ´ne genre ?,5.0,neutral
parasite-2019,Liked the new idea and the plot twist.,3.5,positive
parasite-2019,"Un grand film Ã  la corÃ©enne, jsp si jâ€™ai aimÃ© mais câ€™est excellent. A la fin jâ€™ai lâ€™impression quâ€™on change de genre dâ€™une minute Ã  lâ€™autreLa cinÃ©matographie est folle",4.0,positive
parasite-2019,madem bu kadar akÄ±llÄ±sÄ±nÄ±z okusaydÄ±nÄ±z ya herbokolog orospi evlatlari,5.0,neutral
parasite-2019,Ø§Ù„Ù…Ø´Ø§Ù‡Ø¯Ø© Ø§Ù„ØªØ§Ù†ÙŠØ© ØºÙŠØ±Øª ÙˆØ¬Ù‡Ø© Ù†Ø¸Ø±ÙŠ Ø¹Ù† Ø§Ù„ÙÙŠÙ„Ù… ÙƒØªÙŠØ± Ø§Ù„ØµØ±Ø§Ø­Ù‡ Ø­Ù‚ÙŠÙ‚ÙŠ Ø§Ù‚Ù„ Ø­Ø§Ø¬Ù‡ ØªØªÙ‚Ø§Ù„ Ø¹Ù† Ø§Ù„ÙÙŠÙ„Ù… Ø§Ù†Ù‡ Ø¹Ø¸ÙŠÙ… Ø¹Ù†Ø¯ÙŠ Ù„Ø³Ù‡ Ù†ÙØ³ Ø§Ù„ØªØ³Ø§Ø¤Ù„ Ø¹Ù† Ø§Ù„Ù†Ù‡Ø§ÙŠØ© Ø¨Ø³ Ø¨ØµÙˆØ±Ø© Ù…Ø®ØªÙ„ÙØ© Ø´ÙˆÙŠØ© Ø¨Ø³ Ù‡Ø¹Ø¯ÙŠÙ‡Ø§ Ø§Ù„ØµØ±Ø§Ø­Ù‡ Ø¹Ø´Ø§Ù† Ø§Ù„Ù…Ø±Ø§Ø¯ÙŠ Ù‚Ø¯Ø±Øª Ø§Ù…Ù†Ø·Ù‚Ù‡Ø§ Ø­ØªÙ‰ Ù„Ùˆ Ù…Ø´ Ù…Ù‚ØªÙ†Ø¹ Ù…ÙŠØ© ÙÙŠ Ø§Ù„Ù…ÙŠØ©,5.0,neutral
parasite-2019,Symphony of chaos and every note was perfection.,5.0,neutral
parasite-2019,Bester Film oat frfr,5.0,neutral
parasite-2019,les tuche s'infiltrent chez les riches en corÃ©e du sud,4.0,neutral
parasite-2019,wowowoowowowowowow. watched this on my flight back from sydney with my friend jerry (#heartbreak) i was just perplexed the whole time. i still have a knot in my stomach from it. tbh the only reason itâ€™s not 5 stars is because i had to read all of the lines (cancel me) and because there are lowkey plot holes ??,4.0,neutral
parasite-2019,"MASTERCLASS2nd time watching it, even more details seen, insane !",5.0,negative
parasite-2019,"To be honest I never expected such a good movie, even if the first hour of the movie was a bit boring, in the last half hour it really surprised me. I think this movie makes us understand how the human would do anything for money.",4.5,neutral
parasite-2019,Ma che ansia,3.5,neutral
parasite-2019,I cannot explain how much I love this movie,5.0,positive
parasite-2019,"thrilling, chilling.do NEVER make plansi recommend!!",5.0,positive
parasite-2019,Lâ€™acting est bon les plan cam aussi puis le plot twist et franchement bien pensÃ© jâ€™ai bien kiffÃ©,4.0,neutral
parasite-2019,peak,4.5,neutral
parasite-2019,Poverty,4.0,neutral
parasite-2019,"The pacing stood out to me on this rewatch, this thing is as tight as a drum. Also, in my memory Ki-Woo makes a move on Da-Hye later in the movie, but that boy does not waste any time.",5.0,neutral
parasite-2019,"The feeling when i watched this movie was so weird, i didn't even finished it yet, just so disturbing ig",4.0,negative
parasite-2019,"A cruel tale about Korean society, mixing comedy, satire and tragedy in a masterful way and impeccable cinematography. Definitely deserves all the hype and awards it got. A masterpiece.",4.0,neutral
parasite-2019,This is certainly Bong Joon Ho's Symphony No.9. It's his finest work. but the part that irked me the most is when he decides to just get rich and buy the house. That is such a weak ending.,4.5,neutral
parasite-2019,Tekrar oturup izlemem ama gÃ¼zeldi. Parazitlerin AMKâ€¦.,4.0,neutral
parasite-2019,"Ğ½ÑƒĞ¶Ğ½Ğ¾ Ğ±Ñ‹Ğ»Ğ¾ ÑÑ‡Ğ¸Ñ‚Ğ°Ñ‚ÑŒ, ÑĞºĞ¾Ğ»ÑŒĞºĞ¾ Ñ€Ğ°Ğ· Ñ ÑÑ‚Ğ°Ğ²Ğ¸Ğ»Ğ° Ñ„Ğ¸Ğ»ÑŒĞ¼ Ğ½Ğ° Ğ¿Ğ°ÑƒĞ·Ñƒ, Ñ‡Ñ‚Ğ¾Ğ±Ñ‹ Ğ¾Ñ‚Ğ¾Ğ¹Ñ‚Ğ¸ Ğ¾Ñ‚ Ğ¿Ñ€Ğ¾Ğ¸ÑÑ…Ğ¾Ğ´ÑÑ‰ĞµĞ³Ğ¾",5.0,neutral
parasite-2019,"Loved the film so much, unfortunately had to do it for English, so I am completely sick of it, but can also quote it from memory.",4.5,neutral
parasite-2019,rewatch 6 years later still lowkey don't get the hidden meanings am i stupid,4.5,negative
interstellar,"Okay, this movie was a lot to take in, but I loved it. Itâ€™s about space, time, and how far people will go for love. The visuals were crazy beautiful, and the music made everything feel so intense. Sometimes it got confusing, but the feelings were super real â€” especially the part about family and not giving up on the people you care about. Definitely made me think about life and what really matters.",5.0,positive
interstellar,"The movie is a staggering journey through time, gravity, memory and love. From the moment the spacecraft breaks Earthâ€™s stratosphere, I was absolutely captivated by the scale and vision of it all. The visual language of the film is jaw-dropping, from the haunting, ink-swirled beauty of the black hole to the expansive, surreal emptiness of distant planets. The black hole is not just scientifically stunning â€” itâ€™s the very embodiment of the filmâ€™s emotional weight, a breathtaking vortex that seemsâ€¦ more",5.0,positive
interstellar,Wahrscheinlich einfach nicht meins.Mit Time aber einer der epischsten Soundtracks aller Zeiten,3.0,neutral
interstellar,Franchement le film est excellent câ€™est de la SF qui SF rien a redire je regrette seulement de pas lâ€™avoir vu au cinÃ©ma.,5.0,positive
interstellar,Juste incroyable ğŸ’«,5.0,neutral
interstellar,Un peu long pour rien,2.5,neutral
interstellar,cinema muito,5.0,neutral
interstellar,Tbh I don't get the hate towards this movie..yeah its overrated a little ig..but its so good... doesn't make it worse because of it being overrated...,4.5,neutral
interstellar,"Lo siento, no he sentido pena por ningÃºn personaje",3.5,neutral
interstellar,"Awesome rewatch, 10/10. I think this is Nolan's best film and his most human. It has a perfect soundtrack and sound design and amazing acting from Matthew McConaughey. Dare I even say that Murphy is a convincing and complex female character? I feel like the visuals in this film aren't talked about enough. I loved the symbolism of 1. the wheel like ship rotating out into emptiness like the wheel of time and 2. the bookshelf representing memories and knowledge.â€¦ more",5.0,positive
interstellar,Almost perfect.,4.5,positive
interstellar,"I saw this is in theaters over 10 years ago so there was a good chunk of this that I completely forgot lol also there was a time where the discourse was â€œInterstellar OR Gravity??â€ And I would pick Gravity. Mostly because it was so mind blowing to me at the time and it had one of my favorite brunettes in it, Sandra Bullock. However, Interstellar is also very mind blowing and it stars my second favorite brunette of allâ€¦ more",4.5,positive
interstellar,The misogyny made it difficult to love for me since every man thatâ€™s ever been in engineering claims this as their favourite movie,4.0,neutral
interstellar,"Nolan et la notion du temps.PlongÃ©s dans un monde prÃ©-apocalyptique, on y voit un homme partir Ã  la quÃªte de lâ€™univers pour sauver lâ€™humanitÃ©. Entre sacrifices et dÃ©sespoir , la relation entre le pÃ¨re et sa fille qui est la derniÃ¨re graine dâ€™espoir et ce lien illustrÃ© par un parallÃ¨le trÃ¨s intÃ©ressant tout au long de lâ€™Å“uvre va-t-il sauver lâ€™humanitÃ© ?Â Entre la bande son qui est absolument incroyable mais Ã©galement des paysages qui sont Ã©poustouflants, le film nous plonge rÃ©ellement dans un monde different, la ou le temps et lâ€™espace se confondent.",5.0,neutral
interstellar,Finding words to describe this amazing experience to witness such movie!!...umm you did it Nolan !! The best!!,5.0,positive
interstellar,"idc how much you all hate nolan, you just canâ€™t ignore the fact that this is a fucking masterpiece and the cinematography here is absolutely insane!the ending annoyed me a bit on this rewatch but nothing that would affect the score. an amazing, mesmerizing, heartbreaking film and just a mind-blowing cinematic experience. seeing this in imax is simply incredible.",5.0,neutral
interstellar,Mind=blown,5.0,neutral
interstellar,viÃ©ndolo en una tablet para que Nolan se despierte entre sudores frÃ­os de madrugadaquÃ© barbaridad de banda sonora pim pum pin pum pum pim pum,4.0,neutral
interstellar,"insane!! space, time, love, black holes extravaganza and all that. brain was spinning but in a good way. such iconic movie, with iconic concept of telling you the way times worksğŸ˜­ğŸ˜­ it resonates so much with the way times works in al quran. masya Allah",5.0,neutral
interstellar,Watched this for the sole purpose of understanding the fraser edits edit,5.0,neutral
interstellar,such a good movie but im too dumb,3.0,neutral
interstellar,"ÑĞ½Ğ°Ñ‡Ğ°Ğ»Ğ° Ğ¼Ğ½Ğµ Ğ±Ñ‹Ğ»Ğ¾ Ğ¾Ñ‡ĞµĞ½ÑŒ Ğ¸Ğ½Ñ‚ĞµÑ€ĞµÑĞ½Ğ¾ Ğ¿Ğ¾Ñ‡ĞµĞ¼Ñƒ ÑÑ‚Ğ¾Ñ‚ Ñ„Ğ¸Ğ»ÑŒĞ¼ Ğ±ÑƒĞºĞ²Ğ°Ğ»ÑŒĞ½Ğ¾ Ñƒ ĞºĞ°Ğ¶Ğ´Ğ¾Ğ³Ğ¾ Ğ² Ñ‚Ğ¾Ğ¿ 5. Ğ½Ğ¾ Ğ¿Ğ¾ÑĞ»Ğµ Ğ¿Ñ€Ğ¾ÑĞ¼Ğ¾Ñ‚Ñ€Ğ° Ñ Ñ‚Ğ¾Ñ‡Ğ½Ğ¾ Ğ¿Ğ¾Ğ½ÑĞ»Ğ°, Ñ‡Ñ‚Ğ¾ ÑÑ‚Ğ¾ Ğ±Ñ‹Ğ» ÑĞ°Ğ¼Ñ‹Ğ¹ Ğ»ÑƒÑ‡ÑˆĞ¸Ğ¹ Ñ„Ğ¸Ğ»ÑŒĞ¼ ĞºĞ¾Ñ‚Ğ¾Ñ€Ñ‹Ğ¹ Ñ ĞºĞ¾Ğ³Ğ´Ğ° Ğ»Ğ¸Ğ±Ğ¾ ÑĞ¼Ğ¾Ñ‚Ñ€ĞµĞ»Ğ°.Ñ…Ğ°Ğ½Ñ Ğ·Ğ¸Ğ¼Ğ¼ĞµÑ€ Ğ½Ğ° Ñ„Ğ¾Ğ½Ğµ, ÑˆĞ¸ĞºĞ°Ñ€Ğ½Ñ‹Ğ¹ ĞºĞ°ÑÑ‚, ĞºĞ°Ğ´Ñ€Ñ‹ Ğ¸ Ğ² Ğ¿Ñ€Ğ¸Ğ½Ñ†Ğ¸Ğ¿Ğµ Ğ²ĞµÑÑŒ ÑÑĞ¶ĞµÑ‚, Ğ¸Ğ´ĞµÑ ĞºĞ¾Ğ½Ñ†ĞµĞ¿Ñ†Ğ¸Ğ¸ Ğ»ÑĞ±Ğ²Ğ¸. Ñ Ğ¾Ñ‡ĞµĞ½ÑŒ ÑĞ¸Ğ»ÑŒĞ½Ğ¾ Ğ¿Ğ»Ğ°ĞºĞ°Ğ»Ğ° ĞºĞ¾Ğ³Ğ´Ğ° Ğ¾Ğ½ Ñ‡Ğ¸Ñ‚Ğ°Ğ» Ñ‚Ğ¾ Ğ²Ğ¸Ğ´ĞµĞ¾ Ğ¿Ğ¸ÑÑŒĞ¼Ğ¾. ÑĞ¼Ğ¾Ñ†Ğ¸Ğ¾Ğ½Ğ°Ğ»ÑŒĞ½Ñ‹Ğ¹ Ğ¸ Ğ²Ğ´Ğ¾Ñ…Ğ½Ğ¾Ğ²Ğ»ÑÑÑ‰Ğ¸Ğ¹ Ñ„Ğ¸Ğ»ÑŒĞ¼",5.0,neutral
interstellar,Merci Hans Zimmer pour la soundtrack,4.5,neutral
interstellar,Estamos de acuerdo en que seguramente esto sea lo mejor que se ha hecho a nivel visual en la historia del cine?,4.5,neutral
interstellar,faÃ§o parte das pessoas que tem interstellar como filme favâ€¦â€¦â€¦â€¦.,5.0,neutral
interstellar,Watching Interstellar in physics and Oppenheimer in math class is fireğŸ”¥,4.5,neutral
interstellar,"Interesting plotline, drags on at times but overall very good. I wish parts of the story were better explained (like most films). Mid ending but cool planets.",4.0,positive
interstellar,"As a Christopher Nolan movie, I loved how the story is understandable, a friend told me that ""you don't need to focus, you just need to feel this movie"".Hanz Zimmer's music is amazing, the ending made me so emotional.",5.0,positive
interstellar,Non dico altro,5.0,neutral
interstellar,"ĞĞ²Ğ°Ñ˜ Ñ„Ğ¸Ğ»Ğ¼ Ñ˜Ğµ Ğ±ÑƒĞºĞ²Ğ°Ğ»Ğ½Ğ¾ Ğ¼Ğ¾Ğ´ĞµÑ€Ğ½Ğ¸ ĞºĞ»Ğ°ÑĞ¸Ğº, Ñ‚Ğ¾Ğ»Ğ¸ĞºĞ¾ Ñ˜Ğµ Ğ¸ĞºĞ¾Ğ½Ğ¸Ñ‡Ğ°Ğ½, Ğ½ĞµĞ²Ñ˜ĞµÑ€Ğ¾Ğ²Ğ°Ñ‚Ğ½Ğ¾ĞœĞ½Ğ¾Ğ³Ğ¾ Ğ¸Ğ½Ñ‚Ñ€Ğ¸Ğ³Ğ°Ğ½Ñ‚Ğ°Ğ½ ĞĞ°Ñ˜Ğ·Ğ°Ğ½Ğ¸Ğ¼Ñ™Ğ¸Ğ²Ğ¸Ñ˜Ğ° Ğ¼Ğ¸ Ñ˜Ğµ Ğ±Ğ¸Ğ»Ğ° Ğ¾Ğ½Ğ° Ğ¿Ñ€Ğ¸Ñ‡Ğ° Ğ¾ Ğ¿ĞµÑ‚Ğ¾Ñ˜ Ğ´Ğ¸Ğ¼ĞµĞ½Ğ·Ğ¸Ñ˜Ğ¸, Ñ˜Ğ°ĞºĞ¾ Ğ¿Ñ€Ğ¾Ğ²Ğ¾ĞºĞ°Ñ‚Ğ¸Ğ²Ğ½Ğ¾Ğ—Ğ°Ğ¿Ğ»Ğ°ĞºĞ¾ ÑĞ°Ğ¼ Ğ½Ğ° ĞºÑ€Ğ°Ñ˜Ñƒ Ñ˜ĞµĞ±ĞµĞ¼ Ğ¸Ğ¼ Ğ½ĞµÑ›Ñƒ Ñ˜Ğ°Ğ´ĞµĞĞ» Ğ±Ğ¸Ğ»Ğ¾ Ñ˜Ğµ ÑÑ‚Ñ€Ğ°ÑˆĞ½Ğ¾ Ğ¿Ğ¾Ğ¼Ğ°Ğ»Ğ¾ Ñ€Ğ°Ğ·Ğ½Ğ¸ÑˆÑ™Ğ°Ñ‚ Ğ¾ Ğ¾Ğ²Ğ¾Ğ¼Ğµ Ğ°Ğ» Ñ„Ğ¸Ğ»Ğ¼ Ñ˜Ğµ Ğ±Ğ¸Ğ¾ Ñ˜Ğ°ĞºĞœĞ°Ğ»Ğ¾ Ñ˜Ğµ Ğ´ÑƒĞ³ Ğ¸Ğ½Ğ°Ñ‡Ğµ Ğ¸ Ñ‚Ğ¾ Ğ¼Ğµ Ğ½ĞµÑ€Ğ²Ğ¸Ñ€Ğ° Ğ°Ğ» Ğ°Ñ˜Ğ´Ğµ",4.0,neutral
fight-club,oha erkek olmak boyle bir sey miymis,5.0,neutral
fight-club,This is a really weird movie. Cool twist I guess but not sure why itâ€™s so highly regarded.,2.5,neutral
fight-club,"watched it for the first time.. i understood exactly what was happening and at the same time i had so much questions.. Â great movie, itâ€™s days later and itâ€™s still on my mind",4.5,positive
fight-club,"Waiting to board my plane now,I had the most amazing week with you and Iâ€™ve cherished every moment of it. I donâ€™t know how Iâ€™ll survive with more time away from you itâ€™s making me so sad. I hope itâ€™ll workout and you can come visit and I can show you all around and then you can do the same for me sometime soon in Lyon:)I love you with my everything and I will never give up onâ€¦ more",4.0,positive
fight-club,Can't blame teenage boys who addicted to this film and Tyler Durden. Watched it for 2 times but I won't do it again because I think I'll throw up. It's not overrated but I'm tired.,5.0,negative
fight-club,the last act was poetic asfok CUE where is my mind by pixies <3,3.5,positive
fight-club,You just know it is that good.,5.0,positive
fight-club,â€œyou met me at a very strange time in my lifeâ€ - queue where is my mind ğŸ¤¯,4.5,neutral
fight-club,I watched this film a long time ago and i was oneof the fews who watched without spoilers when i tell you this is a masterpiece you better believe me,5.0,positive
fight-club,Good but overhyped,4.0,positive
fight-club,Yo tambiÃ©n querrÃ­a ser Tyler DurdenğŸ«¡Fincher es un maestro de esto del cine,4.0,neutral
fight-club,It's good the twist is very good you will not see it coming and the message is good a very good movie,5.0,positive
fight-club,please tell me this is all an inside joke between you guys,3.0,neutral
fight-club,tngina prime ni brad pitt tlga toh i fear,5.0,neutral
fight-club,I am Tyler Durden,5.0,neutral
fight-club,"PERFECT. ""JUST WATCH THE MOVIE"" core. But, the rate at which people are hyping the movie gives me an ick. I mean yes, it deserves the hype but everytime something is overhyped, Idk ... I hope y'all understand what I mean to say.",5.0,neutral
fight-club,One of the best movies ever created,5.0,positive
fight-club,"It was an amazing experience for the whole movie, but I found there were lots of scenes that maybe didnâ€™t belong, which made the movie kinda long, but because of what happened at the end all of those little scenes were crucial to the movie. MUST WATCH!",3.5,neutral
fight-club,Mudou minha visÃ£o de mundo,5.0,neutral
fight-club,"â€œWithout pain, without sacrifice, we would have nothing.â€This movie has aurağŸŒŸMy favourite part was when they all got buzzcutsğŸ˜",5.0,neutral
fight-club,Insane,4.5,negative
fight-club,i lovbe figth co6bğŸ¤¤ğŸ¤¤ğŸ¤¤ğŸ¤¤ğŸ¤¤,5.0,neutral
fight-club,"Cool concept. Not a fan of the message I personally think it sends. It allegedly critiques consumerism, which yea, Tylerâ€™s spiel on that was good, BUT ultimately itâ€™s for middle aged men to have catharsis about their unfulfilling lives, and itâ€™s ended up being this big inspiration to younger generations of boys when nothing that happens in the movie is healthy or a good demonstration of what to do when you hate your life lol. Which, I know, isnâ€™t theâ€¦ more",3.0,neutral
fight-club,shhhh iâ€™m not supposed to talk about itğŸ¤«ğŸ¤«,4.5,neutral
fight-club,"1999 was a great year for film. This no doubt was one of the bangers, even though it was not a box office smash. The first couple times I watched this, I think I was too young to get the complexities of rebellion and mid life crisis. Going back now, I appreciate the chaos of the movie and David Fincher's direction. Even the author of Fight Club felt the adaptation was better than his book.",4.0,positive
fight-club,so good,4.5,positive
fight-club,"asombroso, admirable, impactante, increÃ­ble, pasmoso, alucinante, deslumbrante, magnÃ­fico, espectacular, grandioso, fenomenal, notable, portentoso, prodigioso, sensacional, fantÃ¡stico, maravilloso, soberbio, colosal, electrizante, fascinante, y sorprendente",5.0,positive
fight-club,itâ€™s chaotic and confusing!! I GIVE IT 10 stars,5.0,negative
fight-club,eyy letâ€™s not talk about it ğŸ¤• JUST WATCH IT!!,4.5,neutral
fight-club,"Ce film fut un vÃ©ritable banger pour moi, une fin trÃ¨s philosophique et un film qui nous fait rÃ©flÃ©chir sur le sens de la vie dans le modÃ¨le capitaliste",4.5,neutral
la-la-land,"I love this movie, even tho I really don't enjoy musical comedy",3.5,positive
la-la-land,like my story with my ex,5.0,neutral
la-la-land,HAYIR YA,4.5,neutral
la-la-land,Damien Chazelle and his perfect endings.,4.0,positive
la-la-land,â€œwelcome to sebâ€™sâ€ what if i drown myself,5.0,positive
la-la-land,nonchalant. literally me.,5.0,neutral
la-la-land,"I watched this movie back in 2020 thinking it would help me cure my depression. 2025 update : It didn't cure it, if anything it made it worse.",4.5,neutral
la-la-land,I put off watching this movie for years because I KNEW IT WOULD HURT. I literally knew everything that was gonna happen and it still made me cry. WHY DID THEY SHOW THE LIFE THEY WOUDVE HAD. Like I should sue them for that.,5.0,neutral
la-la-land,Why is Terence Fletcher running a Sambas Tapas place?,2.5,neutral
la-la-land,"Jazz, Ryan Gosling, Emma Stone. I cried a lot in the end. It is just a stupid musical but i liked it very much.",4.5,neutral
la-la-land,sharing one of my favorite horror movies to marco,5.0,positive
la-la-land,just stab me with a knife bruh,5.0,neutral
la-la-land,"Okay, let me be honest: it's undeniable that, technically and in every aspect, it's a well-made film. Even the homage to classic romantic comedies and musicals was skillfully recreated. But it's not my kind of movie. I'm not a fan of the romantic genre. I watched it a second time for my wife. But I don't think I'll watch it a third. Again: I don't love romantic comedies, and that's why the rating is a threeâ€”without the heart.",3.0,positive
la-la-land,La llorera que me di en el aviÃ³n fue tan intensa que la chica que estaba a mi lado me preguntÃ³ si necesitaba algo.,5.0,neutral
la-la-land,Well well wellğŸ’”,3.0,neutral
la-la-land,ÙÙ„Ù… Ø£Ø³Ø¹Ø¯Ù†ÙŠ Ø·ÙˆØ§Ù„ Ø§Ù„Ø³Ø§Ø¹ØªÙŠÙ†Ø´ÙØªÙ‡ ÙƒØ§Ù…Ù„ ÙˆØ§Ù†ØºÙ…Ø³Øª Ù„Ø¯Ø±Ø¬Ø© Ø§Ø´Ùƒ Ø§Ù†ÙŠ Ø±Ù…Ø´Øª Ù„Ù„Ø­Ø¸Ø© Ù‡Ù‡Ù‡Ù‡10/10,5.0,neutral
la-la-land,"Nossa que grande aprendizado, eles nÃ£o ficam justos no final, cada um seguiu a sua vida porque eles nÃ£o tinham planos compatÃ­veis, ok. Ã‰ uma histÃ³ria monÃ³tona de um casal que estÃ¡ tentando realizar seus sonhos, nÃ£o foi grande coisa, mas a cena que me pegou mesmo foi a cena final, a transitaÃ§Ã£o deles pelos cenÃ¡rios foi a coisa mais linda que eu jÃ¡ vi.",4.0,neutral
la-la-land,"It's true, all 2 scenario that happens in this movie it's just the way how men in the love story.",5.0,positive
la-la-land,VOILÃ€ Damien ! J'aime bien !,4.0,neutral
la-la-land,"good but enough, GABAKAL AKU REWATCH",3.0,positive
la-la-land,yo i lowk cried everyone shld watch this at least once,3.0,negative
la-la-land,How beautiful :)I hated it,4.0,neutral
la-la-land,Sebastian,5.0,neutral
la-la-land,GiÃ  sapete,5.0,neutral
la-la-land,yowza,4.0,neutral
la-la-land,Damian Jazzelle cracks out another babadubap banger. Unreal references in that final sequence and a smashing homage to Umbrellas of Cherbourg.,5.0,neutral
la-la-land,samba-tapas caught way too many strays in this movie,4.0,positive
la-la-land,jâ€™ai kiffÃ© mais la fin jâ€™ai lÃ¢chÃ© des larmes,3.5,neutral
la-la-land,masterpiece ğŸ™ğŸ¼,4.5,neutral
la-la-land,"no me gustan los musicales, entiendo el por quÃ© de que a la gente le guste, pero a mÃ­ tristemente no",2.5,neutral
everything-everywhere-all-at-once,"As someone who is so much into philosophy and had a great time seeing which is the realest ; nihilism ( nothing matters so we get depressed and die , joy pov ) or absurdism (nothing matter but we live anyway, Evelyn pov ) and finally agreed with absurdismThis felt like home",5.0,positive
everything-everywhere-all-at-once,æ»¡åˆ†ï¼Œé™¤äº†æ‰“æˆå¤ªå¤šï¼Œä¸å–œæ¬¢ã€‚ä¸–ç•Œè¾¹ç¼˜çš„çŸ³å¤´æ˜¯ç‚¹ç›ä¹‹ç¬”ï¼Œè¶³ä»¥è®©æˆ‘ç»™å…¨ç‰‡éƒ½æ˜¯5åˆ†,5.0,neutral
everything-everywhere-all-at-once,ğŸ¥¯ğŸŒ­ğŸªğŸª¨This might be the best movie ever. 2022 was an amazing year for movies!Plot: 10/10Visual: 10/10Acting: 10/10Sound track: 9/10Enjoyment: 10/10Intro: 10/10Ending: 10/10Overall: 99/100,5.0,positive
everything-everywhere-all-at-once,I THOUGHT THE TRAILER WAS AMUSING AND I WAS RIGHT!! another one of my favs <3 will rewatch,5.0,positive
everything-everywhere-all-at-once,phenomenal.,5.0,positive
everything-everywhere-all-at-once,"Maybe, we are made to be exactly where we are right now. And maybe, we don'tÂ really have to change anything.",5.0,positive
everything-everywhere-all-at-once,"Loucura de filme, amei toda a histÃ³ria.",5.0,neutral
everything-everywhere-all-at-once,"Banger av en film, elsket hÃ¥nd-vagina transition!",4.0,neutral
everything-everywhere-all-at-once,is it bad i didnâ€™t like it?,2.5,negative
everything-everywhere-all-at-once,great film. made me cry. spoke to me. what else is there to say? this is a life,4.0,positive
everything-everywhere-all-at-once,"It was amazing. I love how despite realizing her version was the complete â€œfailureâ€ of herself , she stayed because the little moments were real and were enough to make her the happiest version of herself.Â Lovely performance from Â everyone including raccacoonie!",4.0,neutral
everything-everywhere-all-at-once,"Lived up to its name, good movie and acting was peak",4.0,positive
everything-everywhere-all-at-once,fuckin great,4.5,positive
everything-everywhere-all-at-once,Pra mim um dos pontos altos desse filme foi a diva descendo o cacete no cara com duas picas de borracha QUILOMÃ‰TRICAS ğŸ•Š,4.0,neutral
everything-everywhere-all-at-once,This felt like a 2 hour 15 long acid trip but I liked it quite a lot,4.5,positive
everything-everywhere-all-at-once,"I cant, I still cry at this masterpiece. Forever my favorite comfort movie ğŸ˜­ğŸ˜­",5.0,positive
everything-everywhere-all-at-once,both gagged and devastated? idk I'm confused,5.0,negative
everything-everywhere-all-at-once,As someone with inattentive adhd fond of staring into the existential void of the universeThis movie is etched into my soul,5.0,neutral
everything-everywhere-all-at-once,"so much meanings in this movie, but i just donâ€™t get it.",3.0,neutral
everything-everywhere-all-at-once,did u at least kiss the knife before stabbing me,5.0,negative
everything-everywhere-all-at-once,pas mal mais la fin câ€™Ã©tait un peu long,3.5,neutral
everything-everywhere-all-at-once,THE BESSSTTT,5.0,neutral
everything-everywhere-all-at-once,Gets better every time you watch it lowkey still got me tearing up too,5.0,positive
everything-everywhere-all-at-once,"Damn !! Perfect film...with great music, acting and strong writing....and intelligent editing",4.0,positive
everything-everywhere-all-at-once,"Ce film est un CHEF D â€˜Å’UVRE !Â Everything Everywhere All At Once mâ€™a complÃ¨tement embarquÃ© avec son univers dÃ©calÃ©, sa colorimÃ©trie Ã©clatante et son Ã©nergie folle.Â Sous ses allures de chaos multiversel, le film cache une morale simple mais bouleversante : mÃªme les vies pleines dâ€™Ã©checs peuvent Ãªtre des rÃ©ussites quâ€™on ne sait pas toujours reconnaÃ®tre. Chaque personnage est profondÃ©ment attachant, portÃ© par des performances sincÃ¨res et touchantes.Â La rÃ©alisation est bluffante, inventive Ã  chaque plan, avec une maÃ®trise visuelle et rythmique hypnotisante.Films Ã  voir absolument !",5.0,positive
everything-everywhere-all-at-once,the sausage fingers throw me off,4.5,neutral
everything-everywhere-all-at-once,had SUCH high expectations,2.0,neutral
everything-everywhere-all-at-once,"In the heart of this film, itâ€™s a story about family and its struggles. Just told through the lens of a wacky universes. But I am all here for it. Iâ€™ve always loved avant-garde and brain-fuck films like these because you see the clear story but youâ€™re still wildly confused sometimes. But thatâ€™s just what makes this film amazing. It takes everything I want and puts it in a film. Such an inspirational film especially with the smaller budget. But it doesnâ€™t show with the crazy visuals and sound design and great acting.",5.0,neutral
everything-everywhere-all-at-once,okay at first it was nonsensebut then i cried with the whole joy-evelyn scene outside the laundromatÂ the giant dildos traumatised me thoğŸ˜­,4.5,neutral
everything-everywhere-all-at-once,Holy Fuckâ€¦ This was almost better than the Drugs I took while watching this movie.,5.0,positive
whiplash-2014,Were you rushing or dragging?,5.0,neutral
whiplash-2014,Great ending but not a happy one,4.5,neutral
whiplash-2014,"Talvez seja pelo facto de eu ser musico e de ter passado por experiencias muito parecidas mas minha mÃ£o do cÃ©u, este filme Ã© um balde de agua fria para qualquer pessoa que tenha vivenciado a vida do que Ã© querer ser um musico profissional.O que me custou ainda mais foi ter de reviver memorias traumÃ¡ticas do meu professor que tambÃ©m era parecido com o do filme.Ansiedade em forma de filme.",5.0,neutral
whiplash-2014,QuedÃ©,5.0,neutral
whiplash-2014,"as a drummer, this movie was so stressful i promised i myself i would never watch it again.10/10",4.0,neutral
whiplash-2014,If u say so,2.5,neutral
whiplash-2014,"Miles Teller mit seiner mit Abstand besten Performance, ein grandioser J. K. Simmons und einfach geile Jazz Musik machen diesen Film zu einem unverkennbaren Meisterwerk und zu einem meiner absoluten Lieblingsfilme.",5.0,neutral
whiplash-2014,"Canâ€™t believe this film had a budget of apparently 3.3 millions USD. The cinematography and captures of emotions in this film hold you with shock, stress and beautiful tingling feelings down your spine. My favourite passion project film for Damien Chazelle and what I believe is his best film. Love it with my whole heart 4.8/5",5.0,positive
whiplash-2014,this movie was amazing,5.0,positive
whiplash-2014,I want to be drummer,4.5,neutral
whiplash-2014,Ø§Ù„ÙÙ„Ù… Ø±Ù‡ÙŠØ¨Ø© ÙˆÙŠØªÙƒÙ„Ù… Ø¹Ù† Ø§Ù„Ø§ØµØ±Ø§Ø± Ù Ø§Ù†Ù‡ Ù…Ø§ ÙŠØ³ØªØ³Ù„Ù… Ù„Ø§Ø³Ø¨Ø§Ø¨ ØªÙ…Ù†Ø¹Ù‡ Ù…Ù† Ø§Ù†Ù‡ ÙŠÙƒÙ…Ù„ Ù Ø­Ù„Ù…Ù‡ Ùˆ Ø§Ù„Ù†Ù‡Ø§ÙŠÙ‡ Ø¨ØªØ´ÙˆÙÙˆÙ† Ø§Ø¹Ø¸Ù… Ø¹Ø²Ù,,neutral
whiplash-2014,"â€™iâ€™d rather die drunk, broke at 34 and have people talk about me, than live to be rich and sober at 90 and nobody remember who I was.â€™this line felt like it was aimed straight at me. Whiplash isnâ€™t just about music. itâ€™s about perfectionism, pressure, and the pain of never feeling good enough unless youâ€™re the best.the drums were violent. the silences were louder.Andrew and Fletcherâ€™s dynamic was brutal. one demanded perfection, the other craved it.â€¦ more",5.0,neutral
whiplash-2014,"Even better on the rewatch, the ending is too good, immediately after typed ""movies like whiplash""",5.0,positive
whiplash-2014,Holy shit. You think a fucking car crash would stop him??? I donâ€™t think Iâ€™ve been so invested in a film in ages,5.0,negative
whiplash-2014,ØªØ§ÙŠØ¨ÙŠ ØªØ§ÙŠØ¨ÙŠ ÙˆÙ„Ù‡  ÙˆØ­Ø¨ÙŠØª ÙŠØ¹Ù†ÙŠ Taxi driver Ø§Ù„ØªØµÙˆÙŠØ± ØªÙ‚Ø±ÙŠØ¨Ø§ ÙŠØ´Ø¨Ù‡ÙˆÙ„Ù‡ Ø§Ù†Ø·Ø§Ù†ÙŠ Ø§Ù„Ù‡Ø§Ù… ÙƒØ¨ÙŠØ±ØŒØ´ÙØªÙ‡ Ø¨Ø£Ø³Ù…Ù‡ ÙˆØ¬ÙˆØ¯ÙŠÙ‡ ÙƒØ§Ù„Ø¹Ø§Ø¯Ù‡ Ùˆ Ø§ÙŠ ÙØ¯Ø§Ø§Ø§ÙˆÙŠ,5.0,neutral
whiplash-2014,"""Yeah, but not quite my tempo""As a drummer, this movie has my heart.",5.0,neutral
whiplash-2014,"this movie gave me anxiety, goosebumps, and motivation all at once......jk simmons was terrifying",4.0,negative
whiplash-2014,"S-tier movie, so many good references to be made",5.0,positive
whiplash-2014,sometimes i wish i didnâ€™t quit the pianoâ€¦ and sometimes not so much.,3.5,neutral
whiplash-2014,whipped my lash to this movie,4.5,neutral
whiplash-2014,big fan of jazz,5.0,neutral
whiplash-2014,Iâ€™m going to hear jazz demons in my sleep now,5.0,neutral
whiplash-2014,regardez.,5.0,neutral
whiplash-2014,Perfecto!!,4.5,neutral
whiplash-2014,"If my lecturer was like Fletcher, I will drop out immediately and cry in my room forever",4.0,neutral
whiplash-2014,any time the room got quiet i knew the bald man was about to ruin someone's life,5.0,neutral
whiplash-2014,"i would slap that bitch right across the concert hall, no hesitation",5.0,positive
whiplash-2014,black swan for dudes,5.0,neutral
whiplash-2014,"""i'm upset""",,neutral
whiplash-2014,"Damien Chazelle, classe 1985, ha un passato da batterista, vaga base autobiografica per il progetto di Whiplash, opera seconda che ha subito il processo creativo inverso rispetto al suo esordio. Se Guy and Madeline on a Park Bench (2009) nasceva, sulla carta, come corto ed Ã¨ sfociato per eccesso di materilai (e di esordiente arroganza) in un lungo, Whiplash doveva essere da subito un lungometraggio, ma per mancanza di fondi Ã¨ stato prima un corto di 16 minuti, presentato alâ€¦ more",3.0,neutral
oppenheimer-2023,"theres smth about this movie that made me have goosebumps, it was so amazing that i had to take a second to appreciate wtf i just watched",5.0,neutral
oppenheimer-2023,"eu amei to nem aÃ­, quebra tudo christopher nolan",5.0,neutral
oppenheimer-2023,Asking cilian to read excerpts of bhagwad Geeta in Sanskrit while having sex is some choice,3.0,neutral
oppenheimer-2023,The ending scene is so powerful...,5.0,positive
oppenheimer-2023,I was clearly not the target audience for a three hour movie about theoretical physics and the atomic bomb but hey RDJ finally got an Oscar.,3.5,neutral
oppenheimer-2023,"Now I'm become Death, The destroyer of Worlds.",5.0,neutral
oppenheimer-2023,Fantastic,4.0,positive
oppenheimer-2023,Nolan couldâ€™ve cut a solid 40 minutes from this. Not the five star people hyped it up as. Still great though,3.5,positive
oppenheimer-2023,yea i geeked over this so what,5.0,neutral
oppenheimer-2023,Conta bem a histÃ³ria mas n Ã© isso tudo n,3.5,neutral
oppenheimer-2023,Chiant Ã  comprendre mais sympathique,3.0,neutral
oppenheimer-2023,I love you Christopher Nolan I really do but why do your movies always have to be so fucking long no one can stand it. I am sorry,2.5,neutral
oppenheimer-2023,"TrÃ¨s bon film, un peu long mais interressant",5.0,neutral
oppenheimer-2023,I lost count how many times I got full body chills throughout the entirety of the movie,5.0,positive
oppenheimer-2023,Ã‡a fait BOOM Ã  la fin,3.5,neutral
oppenheimer-2023,"finally watching this, during WW3. it's 2025 and people still throw bombs to each other. humanity is downgrading every single day...",,neutral
oppenheimer-2023,"Feel like this one went on a little long and was just a bombardment of information. Absolutely loved the score, cinematography, acting and the actual story though.",3.5,neutral
oppenheimer-2023,"Che te devi di, perÃ² lunghino",5.0,neutral
oppenheimer-2023,didn't see the ending coming,3.0,neutral
oppenheimer-2023,Trop long le sang,4.0,neutral
oppenheimer-2023,"cinematic masterpiece , i do think florence pugh's character seem pointless tho",4.0,neutral
oppenheimer-2023,Holy shit this was goodHoly shit this was longNeed second watch,4.0,neutral
oppenheimer-2023,bu adam oncelikle mal cok dusuncesiz bir insan bu adamin psikolojisi derslerde islenmeli tutarsiz bipolar oc niye bombayi yapip atildiginda uzuluyosun hangi siyasetcinin durust oldugu gorulmus kardesim uyanin artik matrixten cikin ama cok guzel filimdi patlama sahnesinde sinemaya bomba attilar sanmistim birde sex sahnesini keske koymasalardi tamam aklinda kalmasi icin guzel sebepte cok itici gelmisti oyle yani elinize saglik dostlar ğŸ‘ barbie izlememek icin izledimğŸ‘,4.0,neutral
oppenheimer-2023,Boring but cool camera work,2.0,negative
oppenheimer-2023,masterpiece,5.0,neutral
oppenheimer-2023,something about nolanâ€™s movies that makes me cry everytime...,4.5,neutral
oppenheimer-2023,"Preferred this alot more this time around. I forgot how sincerely engaging the film is, and how great Emily Blunt is here.Nolan - please sort out your fucking sound design. Half of the film is trying to work out what the last person just mumbled to the other.",4.0,positive
oppenheimer-2023,Ù…ØªØ¹Ù‡,5.0,neutral
oppenheimer-2023,Senhor Cinema ğŸ¤šğŸ˜âœ‹,5.0,neutral
oppenheimer-2023,Toujours une masterclasse,5.0,neutral
pulp-fiction,bu filmi izledikten sonra tum odami posterlerle kaplamistim,4.0,neutral
pulp-fiction,99/100,5.0,neutral
pulp-fiction,"i was skeptical at first, i canâ€™t believe that Iâ€™m actually enjoying this film i really like vincent heâ€™s my favorite",4.0,neutral
pulp-fiction,Every star is for the Bob,3.0,neutral
pulp-fiction,Top tier,5.0,positive
pulp-fiction,So funny and I love how itâ€™s not in chronological order it adds to how original it is. Very well written,4.5,positive
pulp-fiction,"I remember watching Pulp Fiction for the first time ages ago, and I had never seen anything like it so it was life changing to me. Still, it feels like cinema at its most alive â€” every frame bursting with invention, swagger, and a strange kind of soul. It is anarchic, hilarious, violent, and deeply, weirdly human. I love the way that Tarantino doesnâ€™t just tell stories, he splinters them apart, folds time back on itself, and lets us pickâ€¦ more",4.5,neutral
pulp-fiction,vincent spent 90% of the movie on the toilet and 10% of disasters happening in between.,5.0,neutral
pulp-fiction,Vincent Vega died because he had to poop. Let that sink in(I still dont get the plot),5.0,neutral
pulp-fiction,Maybe they could have had Samuel L Jackson say â€œthatâ€™s a whole lotta pulp fictionâ€ or something. A little disappointing from the writers. At least they wrote some good lines for Quentin.,4.0,neutral
pulp-fiction,the fucking 10 minute discussion about feetğŸ˜­,4.0,negative
pulp-fiction,I donâ€™t be ticklin or nuffin,5.0,neutral
pulp-fiction,Un clÃ¡sico de Tarantino,5.0,neutral
pulp-fiction,can we make spoons?,4.5,neutral
pulp-fiction,I get it now.,4.5,neutral
pulp-fiction,ketchup,5.0,neutral
pulp-fiction,Going to say whatâ€¦ what is this great movie huge run time but flys by.,4.5,positive
pulp-fiction,whenâ€™s my redemption arc with my ex,4.5,neutral
pulp-fiction,Every film-bros wet dream,3.0,neutral
pulp-fiction,Itâ€™s sad that Fabienne doesnâ€™t get her blueberry pie,5.0,negative
pulp-fiction,"hate to say it but i get the film bro appeal,",4.0,negative
pulp-fiction,Resta uno dei film piÃ¹ perfetti che abbia mai visto. Dallâ€™inizio alla fineÂ Ne avevo bisogno,,positive
pulp-fiction,Finally I have something in common with a director.,4.0,neutral
pulp-fiction,Assisti novamente apÃ³s anos e tenho o veredito: superestimado demais!,2.5,neutral
pulp-fiction,"buena pelÃ­cula, algo sobrevalorada, me gustan las tomas y planos. es algo lenta y realmente no sucede nada muy impactante, me agrada.",3.0,neutral
pulp-fiction,this felt like a fever dream AND Ä° MÄ°SS VÄ°NCENT SO BAD,4.0,negative
pulp-fiction,Gimp Greatness,5.0,neutral
pulp-fiction,"my brain couldnâ€™t really process what was going on most of the timeâ€¦ i almost gave up watching this cause it got pretty gory and overwhelming. the only reason i stayed was to watch samuel l jackson shouting motherfuckerâ€¦ i love the chaotic duo (john travolta & samuel l jackson). i lived for their scenes. everything else was just drugs, crime, and chaos. but i love uma thurman. great haircut.",4.0,positive
pulp-fiction,idk i didnt get it,1.5,neutral
pulp-fiction,sam jack and son is smoove operator and can get money and moolah <contain spoiler,5.0,neutral
the-substance,Si quieres verla debes de tener un estÃ³mago bastante fuerte porque hay escenas que dan mucho mucho asco. Se nota mucho la crÃ­tica hacÃ­a la industria sobre las mujeres,3.0,neutral
the-substance,That was a long run time for some pretty surface level social commentating.,2.5,neutral
the-substance,Woah ! C'est quelque chose la quÃªte de popularitÃ© ğŸ˜…âš ï¸ Ã€ ne pas regarder en mangeant ! ğŸ¤®Ils ont truc qu'ils Ã©taient dans un Tarantino Ã  la fin ğŸ˜‚,3.0,neutral
the-substance,I hate men,4.0,negative
the-substance,Don't think it's for everyone. But it's good.,3.0,positive
the-substance,writers lost the plot,3.5,neutral
the-substance,"kind of brainless but pretty fun! loved all the scenes of Elizabeth running through the city old and high as fuck. loved every scene with the scummy producer character as well, they are just edited and paced so weirdly, i expect the film to be so funny! I didnt fw how it really takes its sweet time beating every detail to death with subtext, text, narration, flashback, on-screen text, three different angles and a few cuts back and forth forâ€¦ more",,neutral
the-substance,achei traumatizante mas also iconic,4.0,positive
the-substance,The most viscerally disturbing movie experience Iâ€™ve had. And so sad.,4.5,neutral
the-substance,BOOOOOOOM,5.0,neutral
the-substance,"QuÃ© final horrendo. Hasta la muerte de Elizabeth venÃ­a bien, aceptable, incluso con la mutaciÃ³n que saliÃ³ del otro yo. EntendÃ­ lo que querÃ­an hablar, lo comparto. Pero ese final, en serio?.Una mano que es bÃ¡sicamente una manguera de sangre.",2.5,neutral
the-substance,"I have a love-hate relationship with the final act. I love that it devolves into an exaggerated gore effects fest with enough fake blood to fill a swimming pool but I felt it ejected itself that one step too far where it can't quote make a closing statement to what it had to say. I don't want to diminish this at all though, go in blind and have so much fun this.",3.5,neutral
the-substance,From milf to meatloaf in 90 minutesâ€¦,4.5,neutral
the-substance,"Ã€s vezes a gente sente um formigamento no peito enquanto assiste a um filme â€” uma mistura de fascÃ­nio e inquietude, como se o mundo ali dentro conversasse com a nossa alma. Foi exatamente isso que senti com The Substance. Coraline Fargeat me pegou de surpresa: hÃ¡ uma elegÃ¢ncia estranha em cada enquadramento, um suspense que mais seduz do que assusta, e uma feminilidade poderosa que se recusa a ser subestimada. O filme caminha numa linha tÃªnue entre o naturalâ€¦ more",3.5,positive
the-substance,"Weird, entertaining, and dramatic",3.0,neutral
the-substance,NÃ£o acredito que a Demi Moore nÃ£o ganhou melhor atriz,5.0,neutral
the-substance,IM SCARED IN SCARED IM SCARED IM SO SCARED,4.5,neutral
the-substance,"gostei mas o final deu uma cagada, parece que foi finalizado no desespero",4.0,neutral
the-substance,Que acabo de ver?!????!!!Un mensaje feminista potente integrado en una historia de ciencia ficciÃ³n sÃºper bizarra y con una direcciÃ³n y unas interpretaciones esplÃ©ndidas. No haber ni siquiera nominado a Margaret Qualley al Oscar deberÃ­a estar prohibido.,4.0,neutral
the-substance,POURQUOI JE Lâ€™AI PAS REGARDÃ‰ AVANT ???masta dinguerie ğŸ«¦,4.5,neutral
the-substance,Somehow the worst thing in the movie was that fuckass yellow coat,4.5,negative
the-substance,the way people find the ending funnyâ€¦ I thought it was heartbreaking.,4.5,neutral
the-substance,cool,5.0,positive
the-substance,CONTROL. YOURSELF!!!!!!!!!!!!!!!!!!!!!!!!!!!!!!!!!!!!!!!!!!!!!!!!!!!!!!!!!!!!!!!!!!!!!!!!!!!!!!!!!!!!!!!!!!!!!!!!!!!!!!!!!!!!!!!!!!!!!!!!!!!!!!!!!!!!!!!!!!!!!!!!!!!!!!!!!!!,5.0,neutral
the-substance,sheâ€™s a 10 but only every second week.,2.5,neutral
the-substance,Would rather be severed,2.0,neutral
the-substance,"uhm WHAT THE HECK??? it literally questioned my whole existence. what the heck did i just witness?? every scene left me astonished. the plot, the acting, editing skills, EVERYTHING. WOAH. AND IT'S ACTUALLY PRETTY TERRIFYING AND GORY BUT BRUH I PRETTY MUCH LOVE LOVE THE CONCEPT. 100/10.",5.0,neutral
the-substance,"Filme sem pÃ© nem cabeÃ§a, no comeÃ§o parece bom mas depois perde o rumo. ForÃ§a a ideia de crÃ­tica social demais, alÃ©m de ser nojento. 2h que perdi da minha vida que nÃ£o voltam mais.",1.0,neutral
the-substance,"Prima ora e mezza 5 stelle, dopo perde un po",4.0,neutral
the-substance,"Yeah lemme just inject some yellow liquid into my veins, whatâ€™s the worst that could happen?",2.5,negative
the-truman-show,We watched cinema in a cinema,4.0,neutral
the-truman-show,truman je bolji od mene jer bi ja da san skuzila to sto je on skuzija samo pocela bosti ljude nozevima i olovkama,5.0,neutral
the-truman-show,Peak movie nothing else to say,5.0,neutral
the-truman-show,did they watch him watch porn and jerk off or?,4.0,neutral
the-truman-show,"â€œGood morning, and in case I don't see ya, good afternoon, good evening, and good night!â€",,positive
the-truman-show,It was good but Jim Carey has a darkness within him i canâ€™t forgive,2.5,positive
the-truman-show,"No se porque cada vez que me acuerdo de esta pelicula me acuerdo de forest gump por alguna razÃ³n?? la premisa de esta pelicula es sencillamente increÃ­ble, es decir, imagÃ­nense que su vida es feliz pero todo es una fregada mentira, la verdad me pregunto que harÃ­a yo en esa situaciÃ³n",4.5,neutral
the-truman-show,we naturally gravitate to our truths.,4.0,neutral
the-truman-show,Wow.,4.5,neutral
the-truman-show,imagine if your life had been filmed live since you were in the womb ğŸ’€,4.5,neutral
the-truman-show,I think this film problably has more relevance now rather than when it was made due to the increase in content made and the demand for more and more extreme and elaborte entertainmerent. the concumerism in this also seems to alighn more with the world of today with content creators taking on sponsors similar to the showthe show almost does happen with subathons on twitch and pepole documenting more and more of their lives to be seen by strangersâ€¦ more,4.0,positive
the-truman-show,"Fui pego de surpresa por esse filme. Todo seu gradual desenvolvimento acompanhando as descobertas de Truman sobre a farsa que sua vida Ã©, acaba sendo tÃ£o impactante quanto saber que estÃ£o usando a vida dele como puro entretenimento, inclusive, forÃ§ando um trauma em sua infÃ¢ncia para impedir que eventualmente descubra a verdade.Definitivamente mais uma das vÃ¡rias obras-primas no currÃ­culo do Jim Carrey.",4.5,neutral
the-truman-show,"Fui pego de surpresa por esse filme. Todo seu gradual desenvolvimento acompanhando as descobertas de Truman sobre a farsa que sua vida Ã©, acaba sendo tÃ£o impactante quanto saber que estÃ£o usando a vida dele como puro entretenimento, inclusive, forÃ§ando um trauma em sua infÃ¢ncia para impedir que eventualmente descubra a verdade.Definitivamente mais uma das vÃ¡rias obras-primas no currÃ­culo do Jim Carrey.",4.5,neutral
the-truman-show,sÃ³ vi o final dele depois de 3 semanas apÃ³s assistir mas valeu a pena,5.0,neutral
the-truman-show,"trÃ¨s trÃ¨s bon film, comment jâ€™ai pu passer Ã  cÃ´tÃ© de ce classique pendant si longtemps ????? jâ€™aime pas trop les fins ou on sait pas trop ce quâ€™il se passe mais WAW bravo",4.0,neutral
the-truman-show,câ€™est comme lâ€™allÃ©gorie de la caverne mais inversÃ©e ğŸ¤“â˜ï¸,5.0,neutral
the-truman-show,Y si vivo en el mundo de truman,3.0,neutral
the-truman-show,imagine u started watching the show and youâ€™re years behind ğŸ’€ğŸ’€,3.5,negative
the-truman-show,"a slow burn descent into televised madness, watching this feels like waking up mid-dissociation",5.0,negative
the-truman-show,absolute cinema.,5.0,neutral
the-truman-show,"Itâ€™s a classic for a reason, not much I can say about it LOL",4.5,positive
the-truman-show,When you start questioning your life.,4.5,neutral
the-truman-show,imagine waking up one day and realizing your whole lifeâ€™s fake?? like everyoneâ€™s just acting??? insane.made me think for DAYYSSSS,5.0,neutral
the-truman-show,Generational movie,4.5,neutral
the-truman-show,on en fait plus des films comme ca par contre je vois pas le lien avec Sonic,4.0,neutral
the-truman-show,This is so good but at the same time it makes me sick to my stomach,4.0,neutral
the-truman-show,i think i just watched the best movie iâ€™ll ever see,5.0,positive
the-truman-show,"youâ€™re the man, jim carrey",5.0,neutral
the-truman-show,jâ€™ai trop kiffÃ© omg,4.0,neutral
the-truman-show,master piece,5.0,neutral
joker-2019,great representation of how first day of period feels like,2.0,positive
joker-2019,Not my type,2.0,neutral
joker-2019,he got a point tho,4.0,neutral
joker-2019,KILL THE RICH,4.5,positive
joker-2019,"absoluto divo icÃ´nico, que atuaÃ§Ã£o, que roteiro mds eu quase gozei assistindo de tao bom",5.0,neutral
joker-2019,Capolavoro,5.0,neutral
joker-2019,giggled,4.0,neutral
joker-2019,Thought this movie was about Persona but I still liked it,3.5,positive
joker-2019,MEISTERWERK!!!!,5.0,neutral
joker-2019,Voto: 8.75,4.0,neutral
joker-2019,Pas le meilleure joker mais merci pour les travaux,4.0,neutral
joker-2019,I cried to this absolute cinema,5.0,neutral
joker-2019,"On suit la crÃ©ation du personnage de Joker. Une analyse psychologique d'un homme frappÃ© par des Ã©vÃ¨nements qui leur conduiront Ã  la dÃ©linquance. Point fort : Ã  certains moments, tout se passe trÃ¨s vite, beaucoup d'action, entraÃ®nants",4.0,neutral
joker-2019,"Esse trama, genuinamente prende sua atenÃ§Ã£o. Muitos nÃ£o gostaram do filme, mas eu considero uma realidade mostrada.Â O filme em si relata muito bem como seria a verdade caso houvesse de fato um Coringa. Um personagem com problemas mentais, que nÃ£o Ã© aceito por ninguÃ©m, julgado por todos. As pessoas muitas vezes enlouquecem com um tipo de realidade de vida, e muitos de nÃ³s nÃ£o fazemos nem ideia de um terÃ§o de como Ã© estar no lugar dessa pessoa.Â SÃ³â€¦ more",4.0,positive
joker-2019,"Une pure merveille ce film. Jâ€™ai adorÃ©. Joaquin PhÅ“nix joue tellement bien, câ€™est la personne parfait pour ce rÃ´leÂ Lâ€™histoire est ouf.Personnellement câ€™est le meilleur film Joker qui existeÂ Rien a redire",5.0,positive
joker-2019,"qria q ele fosse real e morasse em cosmopolis comigo, coringa eu te conserto",5.0,neutral
joker-2019,Jaoquin Phoenix plays himself and does a good job,3.0,positive
joker-2019,Not actually very deep kinda just trauma porn of which I am not generally a fan,2.5,neutral
joker-2019,Need him,5.0,neutral
joker-2019,I love this kind of villian,3.5,positive
joker-2019,DÃ©Ã§u,2.5,neutral
joker-2019,"A man ignored by society, pushed to the edge â€” where pain turns into chaos and laughter hides the cracks beneath",4.0,neutral
joker-2019,Vivimos,4.0,neutral
joker-2019,Imaginen que la 2 no existe.,4.0,neutral
joker-2019,"sobre o 1 e 2gostei por ser um filme de drama e ser a ""construÃ§Ã£o"" do personagem (totalmente diferente da construÃ§Ã£o verdadeira dele) e o segundo filme foi uma perca de tempo eu ter assistido",3.5,neutral
joker-2019,I enjoy my life a little more after this movie.,3.5,positive
joker-2019,the ending was not great,3.0,negative
joker-2019,King of comedy + taxi driver + incel + famous and beloved character - all comic personality and aura = Joker 2019,1.0,positive
joker-2019,E US PAIAZO,3.0,neutral
joker-2019,Hollywood wants me to be radicalized,5.0,neutral
dune-2021,unexpectedly good even though its not my taste,4.5,positive
dune-2021,"Might rewatch it one day, I think it can get a better grading than this",3.0,positive
dune-2021,Quirked up white boy takes his first steps into becoming a dictator,4.0,positive
dune-2021,Un adattamento quasi perfetto che perÃ² inizia ad ingranare realmente solo verso la fine,3.0,positive
dune-2021,"Acho que o propÃ³sito desse foi mais preparar o terreno pro segundo filme, meio que nada realmente acontece, mas foi legalzinho de assistir, mesmo que ficÃ§Ã£o nÃ£o seja meu gÃªnero favorito.",4.0,neutral
dune-2021,Des images magnifiques (en mÃªme temps c'est du Villeneuve),4.0,neutral
dune-2021,Pas tellement accrochÃ©,3.0,neutral
dune-2021,"movie was good but Dune Part 2 was a lot better to me, this one wasn't as interesting",3.5,positive
dune-2021,Wir wollen doch den UHD Blu Ray fond nicht trocken legen.,4.5,neutral
dune-2021,ok?? idk it was cool?? but i just dgaf about this kind of movies,3.0,positive
dune-2021,"Always felt like Iâ€™d prefer this on rewatch. I donâ€™t really see what all the complaints are about it being too slow, like obviously itâ€™s going to have a lot of character and world building in it, first film of a sci fi trilogy. There is still plenty of great set pieces, a decent character arc for Paul and an interesting narrative even without the setup stuff I donâ€™t get why people would complain about this.That being said Iâ€¦ more",4.0,positive
dune-2021,Gag city,4.0,neutral
dune-2021,How can I take Oscar Isaacâ€™s death scene seriously when heâ€™s looking at me like that..,5.0,negative
dune-2021,Nu wil ik het boek lezen,4.5,neutral
dune-2021,Trop looong sa mÃ¨re mais cool,2.5,positive
dune-2021,Peut Ãªtre ruinÃ© parceque je l'ai vu dans l'avion et que la comÃ©die romantique de la dame de devant avait l'air franchement sympa.,3.0,neutral
dune-2021,Ta bien,3.5,neutral
dune-2021,La esperaba mucho mejor,3.0,neutral
dune-2021,"Obra maestra, el director de imagen hizo el trabajo de su vida, el director de audio hizo el trabajo de su vida y el maldito soundtrack es hermoso. Todo pasa algo ""rÃ¡pido"" del tercer acto en adelante pero habÃ­a que resumir mucho en 2 horas y media.",3.5,neutral
dune-2021,Un bon film mais une histoire confuse jâ€™ai du faire bcp de recherche pour comprendre lâ€™histoire car il y a des dÃ©tails qui ne sont pas expliquÃ©s.Â Il faut sâ€™accrocher sinon on comprend rien.Cependant un trÃ¨s bon rattrapage sur la partie 2 qui est excellenteÂ Ps : Zendaya nous a tous niquÃ©,3.0,neutral
dune-2021,La introducciÃ³n a un nuevo mundo,4.5,neutral
dune-2021,"Very good, just so incredibly long.",4.0,positive
dune-2021,"Great for lovers of the book, confusing for new entrants into the world",4.0,positive
dune-2021,This film has the most beautiful cinematography and background score in this decade and still has managed to bore the fuck out of me.,2.5,positive
dune-2021,ÃšÅ¾asnÃ½ vÃ½tvor od mÃ©ho oblÃ­benÃ©ho reÅ¾isÃ©ra.SkvÄ›lÃ© efekty a pÅ™Ã­bÄ›h.ObsazenÃ­ je sympatickÃ© a hodÃ­ se mi tam.MinusovÃ½ bod za tenhle film pro nÄ›ho mÅ¯Å¾e bÃ½t dÃ©lka filmu.ÄŒÃ¡stmi nenÃ­ akÄnÃ­ (coÅ¾ chÃ¡pu a rozvinutÃ­ skvÄ›lÃ©ho pÅ™Ã­bÄ›hu) :)Velmi doporuÄuji,4.5,positive
dune-2021,Great to finally see some bald and schizophrenic representationÂ Sound mixing sucked,3.5,positive
dune-2021,yks bittigine gore ufaktan baslayalim(benim gec kalmislik,4.5,neutral
dune-2021,oscar isaac is not coming back huh,4.0,neutral
dune-2021,"Jason Mamo, Josh brolin hell yeah",4.0,neutral
dune-2021,So beautiful the way everything looks the shots all of this movie looks like art the sounds the technology the outfits the music i love this this is bigger than life this is a big event star wars type of movie yet it is better. Every single second in this is beautiful not a single second wasted or filler ilove the peformances here it is so good i love how paul is this skinny know it all kid who wantsâ€¦ more,4.0,positive
get-out-2017,Final poÃ©tico.,4.5,neutral
get-out-2017,trust who,4.5,neutral
get-out-2017,"Por cosas como estas es que la gente tiene problemas de confianza, Y LA ACTUACION DE DANIEL DIOOOOOOS, esta pelicula es sencillamente increÃ­ble",4.5,neutral
get-out-2017,"most satisfying horror movie I have seen. so refreshing to watch a main character who knows does what needs to be done, no fluffing around !!",4.0,positive
get-out-2017,soooo good,5.0,positive
get-out-2017,get out of my head!,4.0,neutral
get-out-2017,Ø¨ØªØ§Ø¨Ø¹Ù‡ Ù…Ø±Ù‡ Ø«Ø§Ù†ÙŠÙ‡,3.0,neutral
get-out-2017,Jordan Peele is really awesome,4.5,positive
get-out-2017,i am scared of white people,3.5,neutral
get-out-2017,Pratique lâ€™hypnose de vrai Ã§a mâ€™a donnÃ© envie dâ€™essayer,3.0,neutral
get-out-2017,"vadias chamam na minha dm eu sou negro e assisti corra, assumo somente pretas mano eu n fodo com brancas",5.0,neutral
get-out-2017,non ma esperaba,3.5,neutral
get-out-2017,you'll stay away from fetishizers,4.5,neutral
get-out-2017,"Genuinely freaked the fuck out of me, very suspenseful movie and also hilarious at points. Solid watch all around",4.0,neutral
get-out-2017,Nunca vÃ¡ na casa da sua namorada branca,5.0,neutral
get-out-2017,"yes, but kinda saw the twist coming",4.5,neutral
get-out-2017,Great movie!,4.5,positive
get-out-2017,"SÅ‚uchajÄ…c opinii, Å¼e film jest ciekawÄ… satyrÄ… na rasizm, jakimÅ› nowym spojrzeniem itd. byÅ‚em przekonany, Å¼e film pokaÅ¼e rasizm czarnych wobec biaÅ‚ych.",5.0,neutral
get-out-2017,rod was the best character,4.5,positive
get-out-2017,"I watched the movie Get Out, and I thought it was very interesting and made me feel many things. At first, everything looked normal, but little by little, things started to feel strange and scary. I liked the ending the most. Chris was strong and clever and I was so happy to see him get away.",5.0,positive
get-out-2017,Le moment oÃ¹ le monsieur court vers lui dans la nuit est plus FLIPPANT que tous les films dâ€™horreur que jâ€™ai pu voir.,4.0,positive
get-out-2017,Jâ€™ai eu peur sahâ€¦ mais lâ€™intrigue est excellente,4.0,neutral
get-out-2017,"Filme com um bom plot twist, porÃ©m que poderia ser mais desenvolvido durante a trama",3.5,neutral
get-out-2017,Jordan Peele fully has a friend who works for the TSA!,5.0,neutral
get-out-2017,"this was such a good film, gave m night shyamalan vibes which i love",5.0,positive
get-out-2017,The dainty white girl of your dreams is a lie,4.0,positive
get-out-2017,comment je me sens Ã  chaque fois que ma pote blanche de la campagne mâ€™invite voir sa famille,5.0,neutral
get-out-2017,"FUCK YESPLOT JEST MEGA, oglÄ…daÅ‚am to z 4 razy, a i tak zawsze jest tak zajesbisty jak za pierwszym.Idealne poÅ‚Ä…czenie horroru, ale nie takiego paranormalnego tylko takiego trzymajÄ…cego w napiÄ™ciu i thrillera ğŸ”¥ğŸ”¥ğŸ”¥ğŸ”¥ğŸ”¥ğŸ”¥",5.0,negative
get-out-2017,What a nice family!I hope they are not racistğŸ˜€ğŸ˜€,4.0,positive
get-out-2017,ts is fire ğŸ”¥,4.0,neutral
spider-man-into-the-spider-verse,eles teriam que fazer mt merda no roteiro pra um filme com um homem aranha negao e a animaÃ§Ã£o tao foda conseguir ser ruimnao foi o caso. MT FODA,5.0,neutral
spider-man-into-the-spider-verse,"Le premier Spiderman que jâ€™ai vu de toute ma vie ( je sais câ€™est grave la honte de pas avoir regardÃ© les autres avantâ€¦) mais je lâ€™aime trop !Â Lâ€™animation est vraiment incroyable, la DA des personnages et le mixtes entre animation et dessin animÃ© câ€™est vraiment stylÃ© !",4.0,neutral
spider-man-into-the-spider-verse,esse aqui Ã© bem melhor do que eu esperava!!o que meu homem me pede pra ver sorrindo que eu nÃ£o faÃ§o chorando,4.0,neutral
spider-man-into-the-spider-verse,Que hermosa animaciooonnn,5.0,neutral
spider-man-into-the-spider-verse,"""When will I know if I'm ready?""""You don't.""Hardest quote, EVER.",5.0,neutral
spider-man-into-the-spider-verse,J'ai passÃ© un bon moment devant le film + super animation,3.0,positive
spider-man-into-the-spider-verse,"Dette er barndom pÃ¥ sitt hÃ¸yeste, alle er karakterer er kule, bortsett fra kingpin han mÃ¥ pÃ¥ actic",5.0,neutral
spider-man-into-the-spider-verse,miles morales i love you so so so so so so so so so so so so so so so so so so so so so so so so so so so so so so so so so so so so so so so so so so so so so so so so so so so so so so so so so so so so so so so so so so so so so so much,5.0,positive
spider-man-into-the-spider-verse,SOOO hayat ihr wisst nicht,5.0,neutral
spider-man-into-the-spider-verse,PIKA,5.0,neutral
spider-man-into-the-spider-verse,Did Arcane find its animation inspiration from this? Gorgeous.,4.5,positive
spider-man-into-the-spider-verse,"""gotta go hard, i ain't got time to waste,i gotta go high, i gotta elevate.""had to do a rewatch after reading the art book. a literal elevation of the medium and redefined the genre for years to come. legendary visuals, music, storytelling, and hero.",5.0,positive
spider-man-into-the-spider-verse,"""gotta go hard, i ain't got time to waste,i gotta go high, i gotta elevate.""had to do a rewatch after reading the art book. a literal elevation of the medium and redefined the genre for years to come. legendary visuals, music, storytelling, and hero.",5.0,positive
spider-man-into-the-spider-verse,"it gets better every time I watch it, defo my comfort movie",5.0,positive
spider-man-into-the-spider-verse,"Uma das animaÃ§Ãµes americanas mais originais e lindas jÃ¡ feitas! Eu queria esquecer e vÃª-lo de novo. A montagem da transformaÃ§Ã£o do Miles com a mÃºsica What's Up Danger tocando no mÃ¡ximo. Cara, o aranha negÃ£o Ã© foda!!! ele Ã© Ãºnico, carismÃ¡tico e tem identidade, diferente de tudo o que a gente jÃ¡ viu. A animaÃ§Ã£o Ã© animal de boa, misturando vÃ¡rios estilos como quadrinhos, anime, cartoon, noir... Asurdo! a trilha nem se fala, Ã© a linguagem do filme. NÃ£o tem jeito Ã© um dos melhores do teioso",5.0,neutral
spider-man-into-the-spider-verse,"""You got a problem with cartoons?""",4.5,neutral
spider-man-into-the-spider-verse,holy peak.,5.0,neutral
spider-man-into-the-spider-verse,Putain quelle rÃ©galade !!!,4.5,neutral
spider-man-into-the-spider-verse,I LOVE GWEN SM ğŸ©·,5.0,positive
spider-man-into-the-spider-verse,"yes, it is that great. (I will forever be a Spider-Man glazer)",5.0,positive
spider-man-into-the-spider-verse,Probably the best spider-man media out there,5.0,positive
spider-man-into-the-spider-verse,"sentÃ­ cositas, pero no sÃ© si eran araÃ±as, mariposas, o ganas de borrarme la memoria para volverla a ver cÃ³mo la primera vez",5.0,neutral
spider-man-into-the-spider-verse,Fun to watch with my brothet,3.0,positive
spider-man-into-the-spider-verse,give me the part 2. NOW.,5.0,neutral
spider-man-into-the-spider-verse,Can't critic perfection,5.0,neutral
spider-man-into-the-spider-verse,Hell yea,5.0,neutral
spider-man-into-the-spider-verse,"Like, whatâ€™s up, danger?",4.5,neutral
spider-man-into-the-spider-verse,"La mejor pelÃ­cula animada de todos los tempos, punto.",5.0,neutral
spider-man-into-the-spider-verse,Hell yeah,5.0,neutral
spider-man-into-the-spider-verse,very nice,5.0,positive
eternal-sunshine-of-the-spotless-mind,it's amazing..........,5.0,positive
eternal-sunshine-of-the-spotless-mind,"i don't like me anymore, i dislike myself when i'm with him.:(",5.0,negative
eternal-sunshine-of-the-spotless-mind,fuck. ass. movie.,5.0,negative
eternal-sunshine-of-the-spotless-mind,Someone needs to erase this movie from my brain,5.0,neutral
eternal-sunshine-of-the-spotless-mind,He just like me frğŸ˜­ğŸ˜­ğŸ˜­ğŸ˜­ğŸ˜­â¤ï¸,,neutral
eternal-sunshine-of-the-spotless-mind,I just love this impulsive girl,4.5,positive
eternal-sunshine-of-the-spotless-mind,"Esse filme me fez questionar sobre as vezes eu falar que queria apagar certos momentos e pessoas da minha mente, acho que nÃ£o vale a pena, somos o que somos graÃ§as aos momentos bons ou ruins.",5.0,neutral
eternal-sunshine-of-the-spotless-mind,"You think you've gotten ahead of this one and then you try to remember the good and the bad memories and they come back fingerprinted and smudged. I've seen this regarded as a young person's movie and the lack of emotional maturity in the characters is indicative of that, but it's probably an old person's movie too because eventually those moments you were really happy come back and you can't see all the faces.",5.0,neutral
eternal-sunshine-of-the-spotless-mind,as a psych student i was very distracted by the ethics violations,4.0,neutral
eternal-sunshine-of-the-spotless-mind,hirap tlga maging impulsive e.,5.0,neutral
eternal-sunshine-of-the-spotless-mind,"esse filme eh tÃ£o lindo, mostra que mesmo os apesares e depois dos dois terem apagado a memÃ³ria, eles se apaixonaram dnv e realmente se amavam",5.0,neutral
eternal-sunshine-of-the-spotless-mind,eu amo eu amo eu amo vocÃª clementine,5.0,neutral
eternal-sunshine-of-the-spotless-mind,Ariana I feel you,4.0,neutral
eternal-sunshine-of-the-spotless-mind,degah was ğŸ«©ğŸ˜­ğŸ˜­ğŸ˜­ğŸ˜­ğŸ˜­,4.5,neutral
eternal-sunshine-of-the-spotless-mind,Vou precisar de terapia,5.0,neutral
eternal-sunshine-of-the-spotless-mind,Good movie,4.5,positive
eternal-sunshine-of-the-spotless-mind,"Love can be fucked up. Best case scenario if everything works out well, death does yâ€™all part. And most relationships arenâ€™t best case scenario. Even people in amazing relationships hurt each other. And most relationships end. And that hurts like a motherfucker. But you grow. Weâ€™re shaped by the people in our lives. The worst most destructive person you will ever meet shapes how you greet the world, even if only to watch out for people like that. Based onâ€¦ more",5.0,positive
eternal-sunshine-of-the-spotless-mind,ÙˆØ£Ù†Øª ØªØ¨Ø¯Ø£ ØªØ¶Ø­Ùƒ Ù…Ø¹Ù‡Ù… Ø²ÙŠ,5.0,neutral
eternal-sunshine-of-the-spotless-mind,:(,3.5,negative
eternal-sunshine-of-the-spotless-mind,"Il Cinema Ritrovato Bologna â€˜25, 11th.",4.5,neutral
eternal-sunshine-of-the-spotless-mind,such a beautiful messy film,5.0,positive
eternal-sunshine-of-the-spotless-mind,ooo que ganas de sacarle la chucha a frodo.Â i'm just a fucked up girl who's looking for my own piece of mind.,3.5,neutral
eternal-sunshine-of-the-spotless-mind,i wish i had stayed,5.0,neutral
eternal-sunshine-of-the-spotless-mind,"sad but sweet, like wishing to forget someone you actually loved too much. like that one taylor swift song, ooh i actually forget the lyrics! i edited this review once i remembered",5.0,neutral
eternal-sunshine-of-the-spotless-mind,"used to identify with this a lot more when i was 17need to watch it again once i am 30something, just to check",,positive
eternal-sunshine-of-the-spotless-mind,No notes. Incredible.,5.0,positive
eternal-sunshine-of-the-spotless-mind,"Filme de Terror pra homem, angustiante, te prende e com certeza te lembra de um relacionamento ruim, ou pior de um relacionamento bom que por algum motivo nÃ£o deu certo",5.0,neutral
eternal-sunshine-of-the-spotless-mind,l swear l couldnâ€™t stop cursing Patrick throughout the movie,5.0,neutral
eternal-sunshine-of-the-spotless-mind,DOR.....APENAS DOR....,5.0,neutral
eternal-sunshine-of-the-spotless-mind,Hamuru gÃ¼zel ama yoguran yetenekli degil,2.0,neutral
midsommar,"pretty, good plot",3.5,positive
midsommar,who says white people donâ€™t have culture??,4.5,neutral
midsommar,Ã§a donne tellement envie d'aller passer ces vacances en SuÃ¨de !,4.0,neutral
midsommar,One of the best ever ever ever ever I canâ€™t even describe Iâ€™m not even remotely qualified to comment on why this is as good as it is but it just is !!!!,5.0,positive
midsommar,No se ni por donde empezar,0.5,neutral
midsommar,Ã‡a mâ€™a trauma un peu mais jâ€™ai passÃ© un bon momentğŸ˜ˆ(jveux plus jamais le revoir),4.0,neutral
midsommar,"Watched this my mom, had skip a couple scenes at the end, we started praying during some spooky chants.Jesus man ğŸ‘Š",5.0,neutral
midsommar,Florence Pughs frown,4.0,neutral
midsommar,This movie made me disturbed a lot.,2.5,neutral
midsommar,"Q porra Ã© essa manoMais um filme clÃ¡ssico do Ari aster. Um filme estranho, e desconfortÃ¡vel q se carrega muito na atmosfera que Ã© muito bem construÃ­da. Agora esse filme eu sinto q foi bem arrastado mesmoA atmosfera Ã© muito boa, mas demora muito pra realmente acontecer algo. E o filme Ã© bem entediante em quanto isso. Mas em troca disso temos personagens muito realistas. As conversas sÃ£o super reais, e as situaÃ§Ãµes no comeÃ§o tambÃ©m. O Ariâ€¦ more",4.0,positive
midsommar,"A great example of a metamodern narrative in my opinion. It pokes at a lot of themes, especially the â€œcolonialâ€ gaze, but flips it around through the presence of a Black scholar in this hyper-white Swedish almost Aryan context. The ending song, The Sun Ainâ€™t Gonna Shine Anymore, felt really fitting. Especially when you think about the timing of the equinox and how after Midsommar the nights start getting longer. That sweetÂ melancholy with the smile on her face worked soâ€¦ more",4.5,positive
midsommar,"Just watched Midsommar â€” honest rating: 7 out of 10.Iâ€™ve seen this movie before, and even though itâ€™s really weird and gory, I still enjoyed it. The story is what really keeps you hooked â€” you just want to find out what happens next. Plus, it stars Florence Pugh, who is an amazing actress in her own right.The plot goes like this: A group of friends travel to Sweden to study a summer festival that only takes placeâ€¦ more",4.0,neutral
midsommar,Beautifully made movie. Did not feel like 2.5hour movie weird and entertaining,3.0,positive
midsommar,"Al secondo film, Ari Aster scombina giÃ  le carte della propria (presunta?) autorialitÃ , tornando su alcuni temi/stilemi, introducendone di nuovi, facendone emergere con maggior chiarezza altri. Cercando di andare con ordine, ma non Ã¨ semplice, iniziamo col dire che, al pari di Hereditary, Midsommar si presenta sotto le mentite (?) spoglie di un normale film drammatico. Non piÃ¹ incentrato sulla famiglia (rapporto madre figlio, ereditarietÃ  delle colpe genitoriali) ma, nello specifico, sullâ€™elaborazione del lutto e sul rapporto di coppia traâ€¦ more",4.0,positive
midsommar,Non amo gli horror ma questo ha il mio cuore,5.0,neutral
midsommar,yo this shiz crazy!,4.0,negative
midsommar,"Es un oso :DEs un oso D:Voy a verme un video de algun buen hombre, seguramente de ascendencia sudamericana, a que me explique que acabo de ver.He acabado borracho",3.5,neutral
midsommar,"just rewatched it again today,its still disturbing as ever",3.5,negative
midsommar,Câ€™est pour Ã§a faut pas boire du Ciao Kombuchia,3.0,neutral
midsommar,My favourite horror film,4.5,neutral
midsommar,Le film le plus flippant que jâ€™ai vuâ€¦ mais lâ€™image est belle !,3.5,positive
midsommar,First twenty minutes and Iâ€™m wrecked. Nobody warned me about the suicide cliff dive.,4.5,positive
midsommar,depressed after this fucking movie,3.0,negative
midsommar,WHATTTTT,4.0,neutral
midsommar,wtf,3.5,negative
midsommar,Christian is such a piece of shit.,4.5,neutral
midsommar,?,2.0,neutral
midsommar,o que coisa mais estranha manomid sommar,2.5,neutral
midsommar,i'm now more terrified of white people than ever,3.5,positive
midsommar,Best of anti-horror,5.0,positive
the-batman,almost started bawling in the third act how embarrassing,5.0,neutral
the-batman,Fuckin kino,5.0,neutral
the-batman,"Worst movie I have ever seen in my life. Came out the cinema so angry. I hate batman, he has no personality and causes all the problems he then attempts to ""solve"". The brooding is just getting old and he seems like a massive misogynist. This whole movie sucks, the plot is awful, boring and predictable. Batman is just some privileged assehole, peoples parents die, get over it, not everyone gets a mansion and fortune as a result. Also the only female character present is literally just there to serve as batman's love interest. If you enjoyed this you have no taste.",,negative
the-batman,"le meilleur batman, bien plus sombre et rÃ©aliste",5.0,neutral
the-batman,My favorite of Twilight movies,4.5,positive
the-batman,"Oooooh this movie was so fucking good, definitely the best Batman movie EVER.Finally Batman is getting down and dirty doing some detective work. Love how they made him a little weird emo dude who spends all his time fighting crime at night or in a dark room going over evidence and writing his fucked up journals. Then when he actually comes out during the day he's this awkward guy who has to wear sunglasses because the light hurts hisâ€¦ more",5.0,neutral
the-batman,"I did not like this at all when I first watched it, but oh man, this is great, I loved it, itâ€™s just such a good movie, officer Martinez is cold ğŸ¥¶",5.0,positive
the-batman,"KÃ¶tÃ¼ Batman, vasat bir 3.perde. Bu film iyi falan deÄŸil, 5-10 yÄ±l sonra insanlarÄ±n gÃ¶zleri aÃ§Ä±lacak.",2.5,neutral
the-batman,oh paul dano im very enamored with you,3.5,neutral
the-batman,Jâ€™aime trop les ambiances bresom comme Ã§a,5.0,neutral
the-batman,"after watching penguin series, he deserve to die nglğŸ’€, fight scene seem technical and real, best batman but lacking on the bruce wayne side",4.5,positive
the-batman,"One of, if not the best comic book movie I have seen. 10/10 would recomend seeing.",5.0,positive
the-batman,Batman est le goat absolu,4.0,neutral
the-batman,"TramaLa trama di The Batman (2022) si allontana dalla classica struttura da Cinecomic dâ€™azione e si avvicina piÃ¹ a un noir investigativo, quasi un thriller alla Seven. Bruce Wayne Ã¨ allâ€™inizio del suo percorso come vigilante: siamo nel suo secondo anno da Batman, quindi non Ã¨ ancora una figura mitica o completamente temuta, ma piÃ¹ una leggenda urbana in costruzione. La cittÃ  Ã¨ corrotta fino al midollo, e quando compare un serial killer che si firma Enigmista, comincia unaâ€¦ more",5.0,positive
the-batman,BEST BATMAN FILM THE RIDDLER IS AWSOME SAUCE,5.0,positive
the-batman,"I get why people enjoyed it, but didnâ€™t do that much for me. Filmed with style, Robert Pattinson nailed it, just think Iâ€™m over the dark knight kinda stuff.",3.0,neutral
the-batman,"i did rewatch this masterpiece a few days ago, absolute cinema!",5.0,neutral
the-batman,"Robert Pattinson.That's it. That's the review.Watched this back then in the cinemas and I realize now I didn't actually understand anything and was blissfully unaware of the twist.This rewatch was, hilariously, like a first-time-watch movie.10/10",5.0,neutral
the-batman,i watched this in cinema with my cousin we didnâ€™t like it. felt too long,2.0,neutral
the-batman,this batman has the most indestructible plot armor ever,4.5,positive
the-batman,"Rewatched again to refresh, S tier casting for everyone, A true Batman adaptation that gives hope for Gotham and not just fear",4.5,positive
the-batman,he's literally me,4.0,neutral
the-batman,"The acting, perfect, gotham, perfect, cast, perfect, story, perfect, villain, perfect, cinematrography, perfect, batman, also perfect.i saw more batman than bruce",5.0,positive
the-batman,"Man, this movie is really good, it only loses to The Dark Knight without a doubt.",4.0,neutral
the-batman,Es cine ğŸ™ŒğŸ½,4.5,neutral
the-batman,Something in the way hmm-mmm,4.5,neutral
the-batman,"Movie's mvp: the subtitles, because everyone in here is whispering like they're in a church.",4.0,neutral
the-batman,Waw la DA et la mise en scÃ¨ne,3.5,neutral
the-batman,its okay to eat fish cause they dont have any feeelinnggss,4.0,positive
the-batman,I think I like buzz cuts on girls now,4.0,neutral
the-dark-knight,Ballad of the N-word sÃ³ que pior,4.5,neutral
the-dark-knight,Holy peak movie Batman,4.5,neutral
the-dark-knight,"Provavelmente o filme mais revolucionÃ¡rio no universo de herÃ³is e super-herÃ³is. O maldito Jaws da nossa geraÃ§Ã£o, muito bem feito e extremamente bem sucedido ($$), cuja receita seria seguida atÃ© Ã¡ exaustÃ£o para envolver o cinema de massas numa das bolhas mais pÃºtridas e gananciosas da qual, mesmo a cheirar a mofo, tarda em sair.Mas, acerca do The Dark Knight, apesar de que com o passar dos anos (e visualizaÃ§Ãµes) a minha admiraÃ§Ã£o tenha decrescido, continuo a achÃ¡-lo umâ€¦ more",4.0,neutral
the-dark-knight,"The OG inspiration for me wanting to be an actor! Cannot fault it, and ma boiii Heath (aka fellow Aussie) absolutely bodied this role like no other and there ainâ€™t a soul on this earth who can prove otherwise x",5.0,neutral
the-dark-knight,#no_of_times_watched:1,4.5,neutral
the-dark-knight,Someone get Batman some honey-lemon tea or something,4.5,neutral
the-dark-knight,"An amazing mix of action and thematic complexity in film. A superhero movie without a superhero that goes into great detail why it doesn't have a superhero. This version of the Joker is unparalleled. Ledger's performance of a lifetime aside, the characterization works so well despite not having the ""villain's backstory"". The Joker says exactly what we wants, and does exactly what he says. A part of you wants to see the anarchy he wreaks, the fear he inspires fromâ€¦ more",4.0,positive
the-dark-knight,n gostei que ela morre,4.0,neutral
the-dark-knight,"×¡×¨×˜ ×›××¢×˜ ××•×©×œ× ××›×œ ×”×‘×—×™× ×•×ª, ×ª×¦×•×’×ª ××©×—×§ ×—×¨×™×’×” ×‘×¨××” ×©×œ×” ××›×œ ×”×©×—×§× ×™×, ×‘×™××•×™ ××¦×•×™×Ÿ ×•×ª×¡×¨×™×˜ ×›××¢×˜ ××•×©×œ× ×œ××¢×˜ ×”×¢×©×¨ ×“×§×•×ª ×”××—×¨×•× ×•×ª ×©×œ ×”×¡×¨×˜ ×©×œ×“×¢×ª×™ ×œ× ×¡×’×¨×• ××ª ×›×œ ×”×§×¦×•×•×ª ×©×”×™×• ×¤×ª×•×—×™× ×›××• ×©×¦×¨×™×š",4.5,neutral
the-dark-knight,Nolans best movie ğŸ,5.0,positive
the-dark-knight,I didnâ€™t realize how iconic this was until I realized there were every day phrases that came from this movie,4.5,positive
the-dark-knight,Arguably the greatest villain ever put to film. It is definetely the greatest superhero film ever made and I would say Christopher Nolan's finest work.,5.0,positive
the-dark-knight,gÃ¼zel film kesinlikle ama bana biraz fazla uzatmÄ±ÅŸlar gibi geldi. oyunculuklar efsaneydi.,4.0,neutral
the-dark-knight,ØªÙ…Ø«ÙŠÙŠÙŠÙ„ Ù…Ø¬Ù†ÙˆÙˆÙ†,4.0,neutral
the-dark-knight,Watched it for English. It would have been better if I didnâ€™t have to over analyse it,4.0,positive
the-dark-knight,heath ledger pulled one of the greatest villain role in cinema,4.0,positive
the-dark-knight,â€œwhy so serious ?â€,4.5,negative
the-dark-knight,×–×” ×¡×¨×˜ ×›×› ×˜×•×‘. ×”×™×ªğŸ’”ğŸ’”ğŸ’”ğŸ’”ğŸ¥€ğŸ¥€ğŸ¥€ğŸ¥€,5.0,neutral
the-dark-knight,canâ€™t get enough of the scene where Harvey discovers that the nurse is the Joker,4.0,neutral
the-dark-knight,Love Heath Ledger and It was a great film but I donâ€™t have the attention span for long superhero movies,4.0,positive
the-dark-knight,I'm the joker baby,4.0,neutral
the-dark-knight,"Einfach perfekt. Besetzung, Schauspiel, Story, AtmosphÃ¤re. Einfach bombastisch!!!",5.0,neutral
the-dark-knight,In absolute awe of heath ledger every time I watch,5.0,neutral
the-dark-knight,"In my opinion, this is the best Batman film. Heath Ledger deserved his Oscar for his work in this film.",4.5,positive
the-dark-knight,he's literally me,4.5,neutral
the-dark-knight,batman sieht bisschen peinlich aus mit seiner maske,4.0,neutral
the-dark-knight,"Esta pelÃ­cula es perfecta por su gran guion y la actuaciÃ³n de todo el reparto, en especial Heath Ledger hizo un papel digno de un oscar",5.0,neutral
the-dark-knight,i'd be scared for my life if i gave anything other than 5 stars to this,5.0,neutral
the-dark-knight,Dear Bruce..,5.0,neutral
the-dark-knight,"An excellent movie with a memorable performance by Heath Ledger. However, a bit of a tonal shift from Batman Begins which is evident from the change in production design (Gotham doesn't feel like Gotham anymore, it feels like Chicago) and a few narrative issues keep it from topping its predecessor.",4.5,positive
inception,cast konu hepsi inanilmaz ve bence leoya boyle roller daha cok verilmeli titanik uerine,4.0,neutral
inception,Fausse branlette intellectuel â˜ï¸ğŸ¤“,2.0,neutral
inception,Ali thank you for recommending me this movie I have never been confuse like this in my life,4.0,neutral
inception,"Le film est bien rÃ©alisÃ©, mais je nâ€™ai pas accrochÃ© avec le thÃ¨me.",3.0,neutral
inception,I saw this in theaters and it was a feast for the eyes. The plot is a little silly and it tries a bit too hard to be cerebral. But it is still a lot of fun.,4.0,neutral
inception,plot mt bom tbm,4.0,neutral
inception,"There are people with bad things to say about this film, I will never be one of these people.",5.0,negative
inception,"Que direâ€¦ Câ€™est juste excellent !! Les diffÃ©rents niveaux de lecture et dâ€™Ã©critureâ€¦ Ã‰norme blockbuster mais qui ne tombe pas dans la facilitÃ©. Un scÃ©nario qui nous retourne le cerveau, une rÃ©alisation au poil et des acteurs excellents. Que demander de plus ? La fin qui nous laisse de nouveau une part dâ€™interprÃ©tation et qui fascine, câ€™est juste du grand Art. Bravo lâ€™artiste",5.0,positive
inception,Incredible movie. Love the actors. Incredible plot twist.,5.0,positive
inception,Great movie,3.5,positive
inception,All of that to end like that really annoyed me I need answers Christopher Nolan?,4.0,negative
inception,AM I HIGH?,5.0,neutral
inception,pas compris ptdrr,2.0,neutral
inception,consider me incepted,4.0,neutral
inception,Need someone to get in my head and erase my memory of this movie so that I can watch it again and again and again,5.0,neutral
inception,What a picture,5.0,neutral
inception,um mix de emoÃ§Ãµes. absurdo.,5.0,neutral
inception,ils ont fait pipi dans ma tÃªte,4.0,neutral
inception,"i havenâ€™t watched a nolan film for ages and i missed them, i forgot how much i loved style of pacing and dialogue. really fun cast and the concept is as usual really epic and cool i loved it",4.5,positive
inception,Absolute mind fuck,4.0,neutral
inception,ÙŠØ§ Ø³Ø¨Ø­Ø§Ù† Ø§Ù„Ø®Ø§Ù„Ù‚ÙˆÙŠØ§ÙƒØ¨Ø± Ù…ÙŠØ²Ø§Ù†ÙŠØªÙ‡Ù…,4.0,neutral
inception,C'est brain Fuck et Ã§a te tiens en haleine tout le film. Banger,4.5,negative
inception,sana geldim gelmeyecektim yolda gelmemek icin elli tane sebep saydim...sebepleri saydikca farkettim ne kadar cok gelmek istedigimi,5.0,neutral
inception,Nah brutal la mejor peli que he visto en mi vida esta brutal. Siempre que la vuelvo a ver me encanta.,5.0,negative
inception,Jâ€™ai pas dormi pendant 20 jours mais bon film,4.5,neutral
inception,I have very intermediate feelings > might just be hard to tolerate Leo and thus I feel minimal empathy for his (character's) situation,4.0,neutral
inception,yusuf goated character thoğŸ™,5.0,neutral
inception,Jâ€™ai pas compris bcp de choses jpense,4.0,neutral
inception,Lowkey making me second guess my reality,5.0,neutral
inception,you need to watch it for like 2 times or more then go to YouTube for an explanation,4.0,positive
